Scene,Method,SPP,MSE,RMSE,MRSE,RRMSE,SSIM,FLIP
staircase,path_trace,32,761.6161,27.597393,0.3492685,0.5909894,0.41153608568775113,0.1496395766735077
staircase,path_trace,128,269.74084,16.423788,0.19480288,0.4413648,0.6354117059597862,0.09231432527303696
staircase,path_trace,512,81.08188,9.004548,0.028181918,0.16787471,0.8247402296760651,0.058164048939943314
staircase,path_guide_pss,32,678.0249,26.038912,0.2671083,0.5168252,0.43931533076698015,0.12310586869716644
staircase,path_guide_pss,128,245.10294,15.655764,0.08251939,0.28726187,0.6651391598877944,0.07756006717681885
staircase,path_guide_pss,512,79.801346,8.93316,0.02771213,0.1664696,0.8448527143521982,0.056273553520441055
staircase,path_guide_photon,32,813.04926,28.514019,0.36669296,0.6055518,0.4013803843020003,0.1548861414194107
staircase,path_guide_photon,128,345.24207,18.58069,0.14498655,0.380771,0.6063968083566882,0.09864307940006256
staircase,path_guide_photon,512,121.470055,11.021345,0.041681964,0.20416161,0.7840820912993575,0.06525536626577377
